16.1.32.132	Mathieu
16.1.32.133	Hugo/Bruno
16.1.32.134	seb/emilien
16.1.32.135	Seb
16.1.32.136	Bruno/Cirrus
16.1.32.137	Bruno/Cirrus
16.1.32.138	Bruno/Cirrus
16.1.32.139	Bruno/Cirrus
16.1.32.140	Bruno/Cirrus
16.1.32.141	Bruno/Cirrus
16.1.32.142	Seb/Emilien
16.1.32.143	Bruno/Nathalie
16.1.32.144	Nathalie
16.1.32.145	
16.1.32.146	Thierry
16.1.32.147	 
16.1.32.148	Bruno/Cirrus
16.1.32.149	Bruno/Cirrus
16.1.32.150	 
16.1.32.151	
16.1.32.152	
16.1.32.153	bruno - ph - Thierry
16.1.32.154	 
16.1.32.155	
16.1.32.156	
16.1.32.157	Philippe/Nathalie
16.1.32.158	
16.1.32.159	
16.1.32.160	
16.1.32.161	Nathalie
16.1.32.162	
16.1.32.163	Cedric 
16.1.32.164	
16.1.32.165	Nathalie/Teo
16.1.32.166	Nathalie/Teo
16.1.32.167	
16.1.32.168	
16.1.32.169	
16.1.32.170	Nathalie
16.1.32.171	Nathalie
16.1.32.172	Nathalie/theo
16.1.32.173	Nathalie
16.1.32.174	
16.1.32.175	
16.1.32.176	
16.1.32.177	
16.1.32.178	
16.1.32.179	bruno - ph - Thierry
16.1.32.180	Gallig
16.1.32.181	 
16.1.32.182	
16.1.32.183	
16.1.32.184	
16.1.32.185	
16.1.32.186	bruno - ph - Thierry
16.1.32.187	bruno - ph - Thierry
16.1.32.188	
16.1.32.189	
16.1.32.190	
16.1.32.191	
16.1.32.192	
16.1.32.193	
16.1.32.194	
16.1.32.195	
16.1.32.196	
16.1.32.197	
16.1.32.198	
16.1.32.199	
16.1.32.200	Mathieu
16.1.32.201	
16.1.32.202	
16.1.32.203	
16.1.32.204	
16.1.32.205	
16.1.32.206	
16.1.32.207	
16.1.32.208	
16.1.32.209	
16.1.32.210	
16.1.32.211	
16.1.32.212	
16.1.32.213	
16.1.32.214	
16.1.32.215	
16.1.32.216	
16.1.32.217	
16.1.32.218	
16.1.32.219	
16.1.32.220	
16.1.32.221	Frederic Passeron
16.1.32.222	Frederic Passeron
16.1.32.223	Frederic Passeron
16.1.32.224	
16.1.32.225	
16.1.32.226	
16.1.32.227	
16.1.32.228	
16.1.32.229	
16.1.32.230	
16.1.32.231	
16.1.32.232	
16.1.32.233	
16.1.32.234	
16.1.32.235	
16.1.32.236	
16.1.32.237	
16.1.32.238	
16.1.32.239	
16.1.32.240	
16.1.32.241	
16.1.32.242	
16.1.32.243	
16.1.32.244	
16.1.32.245	
16.1.32.246	
16.1.32.247	
16.1.32.248	
16.1.32.249	
16.1.32.250	
16.1.32.251	
16.1.32.252	
16.1.32.253	